{"valueType":"nodes","values":[{"_typeName":"User","id":"cju66ydwl000y0738rs8jz7yv","name":"Eric Dulcet","updatedAt":"2019-04-07T00:31:06.939Z","email":"etdulcet@gmail.com","createdAt":"2019-04-07T00:31:06.939Z"},{"_typeName":"Knob","id":"cju6772i2006f0738fr52jql5","updatedAt":"2019-04-07T00:37:52.106Z","description":"","angle":0,"cx":33.3,"cy":33.3,"createdAt":"2019-04-07T00:37:52.106Z","r":20,"type":"Knob"},{"_typeName":"Knob","id":"cju677zte006z0738girykb5t","updatedAt":"2019-04-07T00:38:35.282Z","description":"","angle":0,"cx":99.9,"cy":33.3,"createdAt":"2019-04-07T00:38:35.282Z","r":20,"type":"Knob"},{"_typeName":"Knob","id":"cju678eg0007g0738u50xchuw","updatedAt":"2019-04-07T00:38:54.239Z","description":"","angle":0,"cx":166.5,"cy":33.3,"createdAt":"2019-04-07T00:38:54.239Z","r":20,"type":"Knob"},{"_typeName":"Knob","id":"cju67dza6009c0738v78i7hzg","updatedAt":"2019-04-07T00:43:14.525Z","description":"","angle":0,"cx":33.3,"cy":99.9,"createdAt":"2019-04-07T00:43:14.525Z","r":20,"type":"Knob"},{"_typeName":"Knob","id":"cju67e0mt009k0738xgp8c1dq","updatedAt":"2019-04-07T00:43:16.277Z","description":"","angle":0,"cx":33.3,"cy":99.9,"createdAt":"2019-04-07T00:43:16.277Z","r":20,"type":"Knob"},{"_typeName":"Knob","id":"cju67eqam00a70738vook8n7e","updatedAt":"2019-04-07T00:43:49.533Z","description":"","angle":0,"cx":99.9,"cy":99.9,"createdAt":"2019-04-07T00:43:49.533Z","r":20,"type":"Knob"},{"_typeName":"Knob","id":"cju67f1yq00al07384uh9o1un","updatedAt":"2019-04-07T00:44:04.657Z","description":"","angle":0,"cx":166.5,"cy":99.9,"createdAt":"2019-04-07T00:44:04.657Z","r":20,"type":"Knob"},{"_typeName":"Knob","id":"cju67jf4r00ca07387di9pzmr","updatedAt":"2019-04-07T00:47:28.347Z","description":"","cx":33.3,"cy":166.5,"createdAt":"2019-04-07T00:47:28.347Z","type":"Switch","width":30},{"_typeName":"Knob","id":"cju67ow4e00ef0738vqvdnwqn","updatedAt":"2019-04-07T00:51:43.646Z","description":"","cx":99.9,"cy":166.5,"createdAt":"2019-04-07T00:51:43.646Z","type":"Switch","width":30},{"_typeName":"Knob","id":"cju67p78500et0738o3vic17t","updatedAt":"2019-04-07T00:51:58.036Z","description":"","cx":166.5,"cy":166.5,"createdAt":"2019-04-07T00:51:58.036Z","type":"Switch","width":30},{"_typeName":"Knob","id":"cju67pnyw00fb0738g7ebczu3","updatedAt":"2019-04-07T00:52:19.735Z","description":"","cx":99.9,"cy":345,"createdAt":"2019-04-07T00:52:19.735Z","type":"Switch","width":30},{"_typeName":"Knob","id":"cju67qh0500g00738xn9ukhgv","updatedAt":"2019-04-07T00:52:57.365Z","description":"","cx":166.5,"cy":345,"createdAt":"2019-04-07T00:52:57.365Z","r":15,"type":"FootSwitch"},{"_typeName":"Knob","id":"cju67qu7r00gh0738w3idyevc","updatedAt":"2019-04-07T00:53:14.486Z","description":"","cx":33.3,"cy":345,"createdAt":"2019-04-07T00:53:14.486Z","r":15,"type":"FootSwitch"}]}