{"valueType":"relations","values":[[{"_typeName":"User","id":"cju66ydwl000y0738rs8jz7yv","fieldName":"knobs"},{"_typeName":"Knob","id":"cju6772i2006f0738fr52jql5","fieldName":"builder"}],[{"_typeName":"User","id":"cju66ydwl000y0738rs8jz7yv","fieldName":"knobs"},{"_typeName":"Knob","id":"cju677zte006z0738girykb5t","fieldName":"builder"}],[{"_typeName":"User","id":"cju66ydwl000y0738rs8jz7yv","fieldName":"knobs"},{"_typeName":"Knob","id":"cju678eg0007g0738u50xchuw","fieldName":"builder"}],[{"_typeName":"User","id":"cju66ydwl000y0738rs8jz7yv","fieldName":"knobs"},{"_typeName":"Knob","id":"cju67dza6009c0738v78i7hzg","fieldName":"builder"}],[{"_typeName":"User","id":"cju66ydwl000y0738rs8jz7yv","fieldName":"knobs"},{"_typeName":"Knob","id":"cju67e0mt009k0738xgp8c1dq","fieldName":"builder"}],[{"_typeName":"User","id":"cju66ydwl000y0738rs8jz7yv","fieldName":"knobs"},{"_typeName":"Knob","id":"cju67eqam00a70738vook8n7e","fieldName":"builder"}],[{"_typeName":"User","id":"cju66ydwl000y0738rs8jz7yv","fieldName":"knobs"},{"_typeName":"Knob","id":"cju67f1yq00al07384uh9o1un","fieldName":"builder"}],[{"_typeName":"User","id":"cju66ydwl000y0738rs8jz7yv","fieldName":"knobs"},{"_typeName":"Knob","id":"cju67jf4r00ca07387di9pzmr","fieldName":"builder"}],[{"_typeName":"User","id":"cju66ydwl000y0738rs8jz7yv","fieldName":"knobs"},{"_typeName":"Knob","id":"cju67ow4e00ef0738vqvdnwqn","fieldName":"builder"}],[{"_typeName":"User","id":"cju66ydwl000y0738rs8jz7yv","fieldName":"knobs"},{"_typeName":"Knob","id":"cju67p78500et0738o3vic17t","fieldName":"builder"}],[{"_typeName":"User","id":"cju66ydwl000y0738rs8jz7yv","fieldName":"knobs"},{"_typeName":"Knob","id":"cju67pnyw00fb0738g7ebczu3","fieldName":"builder"}],[{"_typeName":"User","id":"cju66ydwl000y0738rs8jz7yv","fieldName":"knobs"},{"_typeName":"Knob","id":"cju67qh0500g00738xn9ukhgv","fieldName":"builder"}],[{"_typeName":"User","id":"cju66ydwl000y0738rs8jz7yv","fieldName":"knobs"},{"_typeName":"Knob","id":"cju67qu7r00gh0738w3idyevc","fieldName":"builder"}]]}